{"MI/y5vTS/oaV3mVfdLhhYQ==":"mbr.jpg","RySyrkUrrPZPhzdrNWLxhg==":"mbr.jpeg","IedBUMFPy/wdQmKABiOf4g==":"mbr-1.jpg","X30aVRBEqsZY/bFEWmkiVg==":"mbr-2.jpg","YNiXBWgwNOjqA22Dmwqb5g==":"mbr-3.jpg","DrFPsfmeg5oSTFbYnhLeYw==":"mbr-4.jpg","6OY4DwgD2obALVw0F7NFIw==":"mbr-5.jpg","uEGJd4PrLTvFpgfDvYs4Lg==":"mbr-6.jpg","XRDdhODpZEaMtrsqfQDByg==":"mbr-7.jpg","+CFTCwDQuqe5qZvoVm36lQ==":"mbr-8.jpg","szF+fObqdoDM5qVP2ljTXw==":"newsbanner.jpg","ZCxr4rCXS2i2hRWXwJFA9Q==":"ytali.png","BHTKm75WShPNiDpPMYQzWw==":"commandermelone.png","G4O61z1rR9vb1TTf0FZQ1Q==":"nevixnoob.png","grt3JQWFJKX8RpeLvrcBjQ==":"thekcraft.png","76AC+hxWy4pawnj2RjQ0OQ==":"creativedm.png"}